,Order,Family,Binomial,BrainMass,BodyMass,EQ,Defense_Type,Defense,Insectivory,Habitat_Openness
1,Afrosoricida,CHRYSOCHLORIDAE,Chrysochloris_asiatica,0.7,49,0.701817895,0,0,1,0.5
2,Afrosoricida,CHRYSOCHLORIDAE,Chrysochloris_stuhlmanni,1.06,50,1.046075652,0,0,1,0.55
3,Afrosoricida,TENRECIDAE,Echinops_telfairi,0.62,88,0.403335414,1,18,0,0.53
4,Afrosoricida,TENRECIDAE,Hemicentetes_semispinosus,0.83,110,0.45521003,1,21,1,0.55
5,Afrosoricida,TENRECIDAE,Limnogale_mergulus,1.15,92,0.72065067,0,0,0,0.2
6,Afrosoricida,TENRECIDAE,Microgale_cowani,0.42,15,1.008339192,0,0,1,0.45
7,Afrosoricida,TENRECIDAE,Microgale_dobsoni,0.56,33,0.760922403,0,0,1,0.45
8,Afrosoricida,TENRECIDAE,Microgale_talazaci,0.79,50,0.77557997,0,0,1,0.1
9,Afrosoricida,TENRECIDAE,Oryzorictes_hova,0.58,44,0.627994231,0,0,1,0.4
10,Afrosoricida,TENRECIDAE,Potamogale_velox,4.16,660,0.599413098,0,0,0,0.3
11,Afrosoricida,TENRECIDAE,Setifer_setosus,1.97,248,0.588660746,1,21,1,0.62
12,Afrosoricida,TENRECIDAE,Tenrec_ecaudatus,2.57,832,0.311554333,1,6,1,0.62
13,Carnivora,AILURIDAE,Ailurus_fulgens,46.8,5590,1.369901427,2,16,0,0.53
14,Carnivora,CANIDAE,Canis_mesomelas,54.8,8000,1.227688257,0,0,0,0.66
15,Carnivora,CANIDAE,Otocyon_megalotis,26.09,3335,1.122683287,0,0,0,0.67
16,Carnivora,CANIDAE,Urocyon_cinereoargenteus,37.28,3749,1.470102644,0,0,0,0.48
17,Carnivora,CANIDAE,Vulpes_vulpes,40,9000,0.820744069,0,0,0,0.67
18,Carnivora,EUPLERIDAE,Cryptoprocta_ferox,36.78,9500,0.724801315,2,16,0,0.1
19,Carnivora,FELIDAE,Leopardus_pardalis,63.1,9526,1.241057056,0,0,0,0.43
20,Carnivora,FELIDAE,Leptailurus_serval,54.1,11340,0.934261818,0,0,0,0.48
21,Carnivora,FELIDAE,Lynx_canadensis,69.5,14969,0.975671588,0,0,0,0.5
22,Carnivora,FELIDAE,Lynx_rufus,65,6350,1.730042736,0,0,0,0.58
23,Carnivora,FELIDAE,Panthera_leo,259.5,84000,1.006091983,0,0,0,0.61
24,Carnivora,FELIDAE,Panthera_onca,149,29000,1.277173902,0,0,0,0.46
25,Carnivora,FELIDAE,Panthera_pardus,135,48000,0.794585214,0,0,0,0.61
26,Carnivora,FELIDAE,Panthera_tigris,269.73,195000,0.55793226,0,0,0,0.4
27,Carnivora,FELIDAE,Puma_concolor,128,37000,0.914837919,0,0,0,0.58
28,Carnivora,HERPESTIDAE,Atilax_paludinosus,27.84,3300,1.207570353,2,32,0,0.63
29,Carnivora,HERPESTIDAE,Herpestes_urva,22.3,1863,1.481501244,2,32,0,0.5
30,Carnivora,HERPESTIDAE,Ichneumia_albicauda,28.3,4400,0.990337929,2,32,1,0.7
31,Carnivora,HERPESTIDAE,Paracynictis_selousi,16.73,1640,1.222571636,2,32,0,0.75
32,Carnivora,HYAENIDAE,Crocuta_crocuta,175,62370,0.847225107,0,0,0,0.53
33,Carnivora,HYAENIDAE,Hyaena_hyaena,85,23127,0.862578445,0,0,0,0.5
34,Carnivora,MEPHITIDAE,Conepatus_chinga,16.32,1918,1.061033136,2,48,1,0.67
35,Carnivora,MEPHITIDAE,Conepatus_leuconotus,18.52,3500,0.76867412,2,48,1,0.51
36,Carnivora,MEPHITIDAE,Mephitis_mephitis,11.75,1700,0.835738844,2,48,0,0.65
37,Carnivora,MEPHITIDAE,Mydaus_marchei,14.87,1414,1.213230302,2,48,1,0.53
38,Carnivora,MEPHITIDAE,Spilogale_gracilis,6.81,420,1.374022448,2,48,0,0.63
39,Carnivora,MEPHITIDAE,Spilogale_putorius,7.33,341,1.728491998,2,48,1,0.6
40,Carnivora,MUSTELIDAE,Galictis_cuja,23.52,1000,2.485411401,2,48,0,0.56
41,Carnivora,MUSTELIDAE,Ictonyx_striatus,8.17,1300,0.710088634,2,48,0,0.75
42,Carnivora,MUSTELIDAE,Martes_martes,18,1230,1.630106449,0,0,0,0.4
43,Carnivora,MUSTELIDAE,Meles_meles,64.5,15000,0.904083013,2,16,0,0.71
44,Carnivora,MUSTELIDAE,Mellivora_capensis,86.04,9000,1.765416388,2,16,0,0.56
45,Carnivora,MUSTELIDAE,Mustela_erminea,3.42,156,1.441861731,2,16,0,0.63
46,Carnivora,MUSTELIDAE,Mustela_nivalis,1.67,41,1.91246012,2,16,0,0.66
47,Carnivora,MUSTELIDAE,Mustela_putorius,7.87,915,0.88872474,2,32,0,0.58
48,Carnivora,MUSTELIDAE,Neovison_vison,7.2,765,0.929252503,2,16,0,0.37
49,Carnivora,MUSTELIDAE,Poecilogale_albinucha,4.56,340,1.07731083,2,48,0,0.53
50,Carnivora,MUSTELIDAE,Taxidea_taxus,56,6000,1.55477409,2,16,0,0.53
51,Carnivora,MUSTELIDAE,Vormela_peregusna,6.53,450,1.25066113,2,16,0,0.79
52,Carnivora,PROCYONIDAE,Bassaricyon_alleni,19.37,1235,1.749154677,2,16,0,0.1
53,Carnivora,PROCYONIDAE,Bassariscus_sumichrasti,41.9,2722,2.097974274,2,16,0,0.1
54,Carnivora,PROCYONIDAE,Nasua_narica,44.17,6250,1.189634581,0,0,0,0.45
55,Carnivora,PROCYONIDAE,Nasua_nasua,37.5,3188,1.669052882,0,0,0,0.3
56,Carnivora,PROCYONIDAE,Potos_flavus,33.08,2242,1.914302754,0,0,0,0.1
57,Carnivora,PROCYONIDAE,Procyon_lotor,27.4,4309,0.973908984,0,0,0,0.48
58,Carnivora,URSIDAE,Helarctos_malayanus,385.5,45020,2.38010743,0,0,0,0.1
59,Carnivora,URSIDAE,Melursus_ursinus,267,136080,0.722292968,0,0,1,0.58
60,Carnivora,URSIDAE,Ursus_americanus,248,25990,2.306847418,0,0,0,0.5
61,Carnivora,URSIDAE,Ursus_arctos,335.97,131023,0.934907027,0,0,0,0.6
62,Carnivora,URSIDAE,Ursus_maritimus,507,317000,0.729844641,0,0,0,0.6
63,Carnivora,VIVERRIDAE,Paguma_larvata,26.47,4300,0.942314482,2,32,0,0.15
64,Carnivora,VIVERRIDAE,Paradoxurus_hermaphroditus,25.95,2774,1.281300574,2,16,0,0.54
65,Carnivora,VIVERRIDAE,Viverra_tangalunga,27.25,10000,0.51680675,2,16,0,0.45
66,Cetartiodactyla,BOVIDAE,Aepyceros_melampus,175,57610,0.898916407,0,0,0,0.77
67,Cetartiodactyla,BOVIDAE,Boselaphus_tragocamelus,271.75,125000,0.78322647,0,0,0,0.47
68,Cetartiodactyla,BOVIDAE,Connochaetes_taurinus,443,212230,0.860237848,0,0,0,0.77
69,Cetartiodactyla,BOVIDAE,Damaliscus_pygargus,254.6,62500,1.230678405,0,0,0,0.63
70,Cetartiodactyla,BOVIDAE,Eudorcas_thomsonii,91.8,24370,0.895903287,0,0,0,0.75
71,Cetartiodactyla,BOVIDAE,Kobus_ellipsiprymnus,290,188200,0.615948548,0,0,0,0.53
72,Cetartiodactyla,BOVIDAE,Madoqua_kirkii,37,4570,1.258684582,0,0,0,0.72
73,Cetartiodactyla,BOVIDAE,Syncerus_caffer,647.5,665440,0.536059757,0,0,0,0.5
74,Cetartiodactyla,BOVIDAE,Taurotragus_oryx,480,560000,0.451965872,0,0,0,0.58
75,Cetartiodactyla,BOVIDAE,Tragelaphus_eurycerus,389,253000,0.662573964,0,0,0,0.45
76,Cetartiodactyla,BOVIDAE,Tragelaphus_scriptus,165,44225,1.032353437,0,0,0,0.62
77,Cetartiodactyla,CERVIDAE,Alces_alces,436,200000,0.88497456,0,0,0,0.43
78,Cetartiodactyla,CERVIDAE,Axis_axis,219,88450,0.816996511,0,0,0,0.6
79,Cetartiodactyla,CERVIDAE,Cervus_elaphus,409.3,200000,0.830780017,0,0,0,0.64
80,Cetartiodactyla,CERVIDAE,Odocoileus_virginianus,210,65090,0.984805174,0,0,0,0.63
81,Cetartiodactyla,CERVIDAE,Rangifer_tarandus,278,71700,1.212942405,0,0,0,0.63
82,Cetartiodactyla,GIRAFFIDAE,Giraffa_camelopardalis,700,1209000,0.371210877,0,0,0,0.43
83,Cetartiodactyla,HIPPOPOTAMIDAE,Hippopotamus_amphibius,720,1351000,0.351460304,0,0,0,0.53
84,Cetartiodactyla,SUIDAE,Phacochoerus_aethiopicus,125,65320,0.584653077,0,0,0,0.52
85,Cetartiodactyla,SUIDAE,Sus_scrofa,169.8,86773,0.642564099,0,0,0,0.6
86,Cetartiodactyla,TAYASSUIDAE,Tayassu_pecari,145.8,32233,1.154980107,0,0,0,0.53
87,Cetartiodactyla,TRAGULIDAE,Moschiola_meminna,16.93,1997,1.067724762,0,0,0,0.48
88,Cetartiodactyla,TRAGULIDAE,Tragulus_napu,18.5,2510,0.984074109,0,0,0,0.45
89,Chiroptera,EMBALLONURIDAE,Rhynchonycteris_naso,0.11,4,0.677388612,0,0,1,0.08
90,Chiroptera,EMBALLONURIDAE,Saccopteryx_bilineata,0.22,8,0.852570348,0,0,1,0.08
91,Chiroptera,HIPPOSIDERIDAE,Hipposideros_bicolor,0.24,8,0.896832975,0,0,1,0.08
92,Chiroptera,HIPPOSIDERIDAE,Hipposideros_caffer,0.32,11,0.998256976,0,0,1,0.4
93,Chiroptera,HIPPOSIDERIDAE,Hipposideros_galeritus,0.24,10,0.787451683,0,0,1,0.44
94,Chiroptera,MOLOSSIDAE,Molossus_molossus,0.26,13,0.70142991,0,0,1,0.45
95,Chiroptera,MOLOSSIDAE,Mormopterus_jugularis,0.22,12,0.650361412,0,0,1,0.51
96,Chiroptera,MORMOOPIDAE,Mormoops_megalophylla,0.42,16,0.988987981,0,0,1,0.08
97,Chiroptera,MORMOOPIDAE,Pteronotus_davyi,0.31,11,0.973859246,0,0,1,0.08
98,Chiroptera,NOCTILIONIDAE,Noctilio_albiventris,0.55,39,0.660118127,0,0,0,0.4
99,Chiroptera,NOCTILIONIDAE,Noctilio_leporinus,1.26,59,1.106840247,0,0,0,0.34
100,Chiroptera,NYCTERIDAE,Nycteris_arge,0.36,11,1.130933318,0,0,1,0.4
101,Chiroptera,PHYLLOSTOMIDAE,Anoura_caudifer,0.43,12,1.23143621,0,0,0,0.1
102,Chiroptera,PHYLLOSTOMIDAE,Artibeus_jamaicensis,0.93,38,1.138330301,0,0,0,0.51
103,Chiroptera,PHYLLOSTOMIDAE,Artibeus_lituratus,1.05,59,0.920021442,0,0,0,0.57
104,Chiroptera,PHYLLOSTOMIDAE,Carollia_perspicillata,0.47,16,1.086018003,0,0,0,0.08
105,Chiroptera,PHYLLOSTOMIDAE,Chrotopterus_auritus,1.74,87,1.136790824,0,0,0,0.08
106,Chiroptera,PHYLLOSTOMIDAE,Desmodus_rotundus,0.86,30,1.24330783,0,0,0,0.61
107,Chiroptera,PHYLLOSTOMIDAE,Diaemus_youngi,0.97,35,1.260763532,0,0,0,0.44
108,Chiroptera,PHYLLOSTOMIDAE,Glossophaga_soricina,0.39,11,1.175873589,0,0,0,0.49
109,Chiroptera,PHYLLOSTOMIDAE,Leptonycteris_curasoae,0.55,25,0.924820535,0,0,0,0.05
110,Chiroptera,PHYLLOSTOMIDAE,Macrotus_californicus,0.39,13,1.052144865,0,0,1,0.43
111,Chiroptera,PHYLLOSTOMIDAE,Mimon_crenulatum,0.34,15,0.832676582,0,0,0,0.6
112,Chiroptera,PHYLLOSTOMIDAE,Phyllostomus_discolor,0.89,33,1.198370974,0,0,0,0.28
113,Chiroptera,PHYLLOSTOMIDAE,Phyllostomus_hastatus,1.4,105,0.794938429,0,0,0,0.6
114,Chiroptera,PHYLLOSTOMIDAE,Platyrrhinus_helleri,0.42,12,1.23360552,0,0,0,0.41
115,Chiroptera,PHYLLOSTOMIDAE,Rhinophylla_pumilio,0.35,9,1.242269452,0,0,0,0.1
116,Chiroptera,PHYLLOSTOMIDAE,Sturnira_lilium,0.52,17,1.14340719,0,0,0,0.1
117,Chiroptera,PHYLLOSTOMIDAE,Tonatia_bidens,0.71,25,1.17600123,0,0,0,0.1
118,Chiroptera,PHYLLOSTOMIDAE,Uroderma_bilobatum,0.53,16,1.20230605,0,0,0,0.4
119,Chiroptera,PTEROPODIDAE,Casinycteris_argynnis,0.92,41,1.063258966,0,0,0,0.1
120,Chiroptera,PTEROPODIDAE,Cynopterus_brachyotis,0.88,29,1.304807485,0,0,0,0.57
121,Chiroptera,PTEROPODIDAE,Cynopterus_horsfieldii,1.23,53,1.163075711,0,0,0,0.32
122,Chiroptera,PTEROPODIDAE,Eonycteris_spelaea,1.18,50,1.165367917,0,0,0,0.44
123,Chiroptera,PTEROPODIDAE,Hypsignathus_monstrosus,3.4,340,0.803541513,0,0,0,0.4
124,Chiroptera,PTEROPODIDAE,Megaloglossus_woermanni,0.59,14,1.506097788,0,0,0,0.4
125,Chiroptera,PTEROPODIDAE,Pteropus_lylei,5.65,284,1.529172701,0,0,0,0.45
126,Chiroptera,PTEROPODIDAE,Pteropus_rufus,7.3,375,1.604414709,0,0,0,0.45
127,Chiroptera,PTEROPODIDAE,Rousettus_aegyptiacus,2.6,130,1.258879846,0,0,0,0.56
128,Chiroptera,RHINOLOPHIDAE,Rhinolophus_hipposideros,0.16,5,0.936947623,0,0,1,0.49
129,Chiroptera,VESPERTILIONIDAE,Miniopterus_schreibersii,0.29,13,0.79611003,0,0,1,0.44
130,Chiroptera,VESPERTILIONIDAE,Myotis_bechsteinii,0.27,8,1.077613057,0,0,1,0.39
131,Chiroptera,VESPERTILIONIDAE,Myotis_bocagii,0.21,8,0.845561165,0,0,1,0.4
132,Chiroptera,VESPERTILIONIDAE,Myotis_dasycneme,0.31,15,0.7516407,0,0,1,0.43
133,Chiroptera,VESPERTILIONIDAE,Myotis_daubentonii,0.23,7,0.984685112,0,0,1,0.54
134,Chiroptera,VESPERTILIONIDAE,Myotis_myotis,0.48,25,0.795043085,0,0,1,0.41
135,Chiroptera,VESPERTILIONIDAE,Myotis_mystacinus,0.16,4,1.039910355,0,0,1,0.53
136,Chiroptera,VESPERTILIONIDAE,Myotis_nattereri,0.22,7,0.941872716,0,0,1,0.46
137,Chiroptera,VESPERTILIONIDAE,Myotis_nigricans,0.12,5,0.714327524,0,0,1,0.44
138,Cingulata,DASYPODIDAE,Cabassous_unicinctus,23.68,3930,0.901524491,3,42,1,0.55
139,Cingulata,DASYPODIDAE,Chaetophractus_villosus,16.4,2948,0.773729263,3,48,0,0.67
140,Cingulata,DASYPODIDAE,Dasypus_novemcinctus,7.54,5000,0.239856999,3,48,1,0.59
141,Cingulata,DASYPODIDAE,Euphractus_sexcinctus,21.37,7990,0.47914448,3,48,0,0.53
142,Cingulata,DASYPODIDAE,Tolypeutes_matacus,8.86,1200,0.817090693,3,48,0,0.65
143,Cingulata,DASYPODIDAE,Zaedyus_pichiy,7.98,1740,0.5577164,3,48,0,0.71
144,Dasyuromorphia,DASYURIDAE,Antechinomys_laniger,0.49,18,1.039099092,0,0,1,0.67
145,Dasyuromorphia,DASYURIDAE,Antechinus_bellus,0.65,46,0.688188375,0,0,1,0.4
146,Dasyuromorphia,DASYURIDAE,Antechinus_flavipes,0.66,31,0.942208841,0,0,1,0.53
147,Dasyuromorphia,DASYURIDAE,Antechinus_leo,0.78,60,0.668120365,0,0,1,0.1
148,Dasyuromorphia,DASYURIDAE,Antechinus_minimus,0.77,36,0.961421448,0,0,1,0.48
149,Dasyuromorphia,DASYURIDAE,Antechinus_stuartii,0.79,30,1.143985944,0,0,1,0.15
150,Dasyuromorphia,DASYURIDAE,Antechinus_swainsonii,1.13,64,0.933103306,0,0,1,0.35
151,Dasyuromorphia,DASYURIDAE,Dasyuroides_byrnei,1.55,98,0.92616709,0,0,1,0.73
152,Dasyuromorphia,DASYURIDAE,Dasyurus_hallucatus,3.5,513,0.608893832,0,0,0,0.35
153,Dasyuromorphia,DASYURIDAE,Dasyurus_viverrinus,5.9,800,0.736477622,0,0,0,0.6
154,Dasyuromorphia,DASYURIDAE,Parantechinus_apicalis,1.24,61,1.0650357,0,0,1,0.5
155,Dasyuromorphia,DASYURIDAE,Phascogale_calura,0.94,44,1.027718407,0,0,0,0.1
156,Dasyuromorphia,DASYURIDAE,Planigale_gilesi,0.18,6,0.835536244,0,0,0,0.65
157,Dasyuromorphia,DASYURIDAE,Planigale_maculata,0.19,11,0.58061377,0,0,0,0.44
158,Dasyuromorphia,DASYURIDAE,Sarcophilus_harrisii,15,7727,0.344863945,0,0,0,0.49
159,Dasyuromorphia,DASYURIDAE,Sminthopsis_crassicaudata,0.37,13,0.989194301,0,0,1,0.75
160,Dasyuromorphia,DASYURIDAE,Sminthopsis_griseoventer,0.51,20,1.000590274,0,0,1,0.4
161,Dasyuromorphia,DASYURIDAE,Sminthopsis_macroura,0.41,17,0.91520319,0,0,1,0.74
162,Dasyuromorphia,MYRMECOBIIDAE,Myrmecobius_fasciatus,4.4,405,0.912599204,0,0,1,0.1
163,Dasyuromorphia,PERAMELIDAE,Echymipera_kalubu,3.86,610,0.589853175,0,0,0,0.5
164,Didelphimorphia,DIDELPHIDAE,Caluromys_derbianus,3.52,289,0.939769953,0,0,0,0.45
165,Didelphimorphia,DIDELPHIDAE,Caluromys_lanatus,3.1,384,0.669057239,0,0,0,0.45
166,Didelphimorphia,DIDELPHIDAE,Caluromys_philander,3.63,277,0.99850574,0,0,0,0.45
167,Didelphimorphia,DIDELPHIDAE,Chironectes_minimus,5.54,764,0.715706222,0,0,0,0.2
168,Didelphimorphia,DIDELPHIDAE,Didelphis_marsupialis,6.05,1535,0.46444169,0,0,0,0.55
169,Didelphimorphia,DIDELPHIDAE,Didelphis_virginiana,6.96,2797,0.341593126,0,0,0,0.5
170,Didelphimorphia,DIDELPHIDAE,Lutreolina_crassicaudata,3.41,504,0.600833131,0,0,0,0.4
171,Didelphimorphia,DIDELPHIDAE,Marmosa_mexicana,1.04,47,1.076618991,0,0,0,0.57
172,Didelphimorphia,DIDELPHIDAE,Marmosa_murina,1.14,60,0.982345548,0,0,1,0.57
173,Didelphimorphia,DIDELPHIDAE,Marmosa_robinsoni,0.73,51,0.710910782,0,0,0,0.4
174,Didelphimorphia,DIDELPHIDAE,Marmosa_rubra,1.24,60,1.071649689,0,0,0,0.1
175,Didelphimorphia,DIDELPHIDAE,Metachirus_nudicaudatus,3.63,390,0.773581859,0,0,0,0.47
176,Didelphimorphia,DIDELPHIDAE,Monodelphis_brevicaudata,0.93,65,0.760644063,0,0,1,0.45
177,Didelphimorphia,DIDELPHIDAE,Philander_opossum,3.97,570,0.637805942,0,0,0,0.47
178,Didelphimorphia,DIDELPHIDAE,Thylamys_elegans,0.74,20,1.433661157,0,0,1,0.35
179,Diprotodontia,ACROBATIDAE,Distoechurus_pennatus,0.97,45,1.033562197,0,0,0,0.45
180,Diprotodontia,BURRAMYIDAE,Cercartetus_concinnus,0.31,10,1.059526624,0,0,0,0.3
181,Diprotodontia,BURRAMYIDAE,Cercartetus_lepidus,0.37,8,1.472896928,0,0,0,0.43
182,Diprotodontia,MACROPODIDAE,Dendrolagus_dorianus,33.46,7897,0.756951748,0,0,0,0.1
183,Diprotodontia,MACROPODIDAE,Dendrolagus_inustus,31.18,10119,0.586281619,0,0,0,0.1
184,Diprotodontia,MACROPODIDAE,Dorcopsis_luctuosa,21.34,7392,0.507157939,0,0,0,0.45
185,Diprotodontia,MACROPODIDAE,Lagorchestes_conspicillatus,14.5,2015,0.908889899,0,0,0,0.53
186,Diprotodontia,MACROPODIDAE,Macropus_antilopinus,58.84,31286,0.476639065,0,0,0,0.53
187,Diprotodontia,MACROPODIDAE,Macropus_eugenii,24.55,4425,0.855597431,0,0,0,0.5
188,Diprotodontia,MACROPODIDAE,Macropus_parma,17.4,3760,0.684655009,0,0,0,0.2
189,Diprotodontia,MACROPODIDAE,Macropus_parryi,42.79,15194,0.594011807,0,0,0,0.75
190,Diprotodontia,MACROPODIDAE,Macropus_robustus,61.12,35540,0.450183157,0,0,0,0.52
191,Diprotodontia,MACROPODIDAE,Macropus_rufogriseus,37.3,12090,0.614023382,0,0,0,0.54
192,Diprotodontia,MACROPODIDAE,Onychogalea_fraenata,13.5,1433,1.090904628,0,0,0,0.43
193,Diprotodontia,MACROPODIDAE,Petrogale_concinna,11.4,1407,0.933550289,0,0,0,0.6
194,Diprotodontia,MACROPODIDAE,Petrogale_penicillata,24.76,5990,0.688350957,0,0,0,0.53
195,Diprotodontia,MACROPODIDAE,Petrogale_persephone,22.27,5732,0.639903488,0,0,0,0.45
196,Diprotodontia,MACROPODIDAE,Setonix_brachyurus,17.5,3500,0.72640021,0,0,0,0.3
197,Diprotodontia,MACROPODIDAE,Thylogale_billardierii,22.9,3618,0.927143921,0,0,0,0.6
198,Diprotodontia,MACROPODIDAE,Thylogale_thetis,19.89,3694,0.793087266,0,0,0,0.37
199,Diprotodontia,MACROPODIDAE,Wallabia_bicolor,32.7,16400,0.428831734,0,0,0,0.44
200,Diprotodontia,PETAURIDAE,Dactylopsila_trivirgata,6.04,506,1.061071619,2,16,1,0.45
201,Diprotodontia,PETAURIDAE,Gymnobelideus_leadbeateri,2.95,91,1.873084841,0,0,0,0.15
202,Diprotodontia,PHALANGERIDAE,Phalanger_carmelitae,8.8,1754,0.611271357,0,0,0,0.1
203,Diprotodontia,PHALANGERIDAE,Phalanger_ornatus,7.27,1448,0.583144514,0,0,0,0.45
204,Diprotodontia,PHALANGERIDAE,Phalanger_vestitus,9.88,1672,0.711846811,0,0,0,0.1
205,Diprotodontia,PHALANGERIDAE,Spilocuscus_maculatus,13.88,3127,0.626775234,0,0,0,0.45
206,Diprotodontia,PHALANGERIDAE,Trichosurus_vulpecula,11.4,1902,0.74554536,0,0,0,0.52
207,Diprotodontia,POTOROIDAE,Bettongia_gaimardi,12.12,1273,1.069932308,0,0,0,0.2
208,Diprotodontia,POTOROIDAE,Bettongia_penicillata,9.9,981,1.061806163,0,0,0,0.53
209,Diprotodontia,PSEUDOCHEIRIDAE,Petauroides_volans,4.86,900,0.555495263,0,0,0,0.15
210,Diprotodontia,PSEUDOCHEIRIDAE,Pseudocheirus_peregrinus,5.78,759,0.750492339,0,0,0,0.52
211,Diprotodontia,VOMBATIDAE,Vombatus_ursinus,61.12,27192,0.549707094,0,0,0,0.4
212,Eulipotyphla,ERINACEIDAE,Atelerix_albiventris,1.76,280,0.48110676,1,21,0,0.77
213,Eulipotyphla,ERINACEIDAE,Atelerix_algirus,3.2,790,0.403211437,1,18,0,0.76
214,Eulipotyphla,ERINACEIDAE,Echinosorex_gymnura,5.5,957,0.601050644,0,0,0,0.45
215,Eulipotyphla,ERINACEIDAE,Erinaceus_europaeus,2.26,372,0.499454672,1,21,1,0.65
216,Eulipotyphla,ERINACEIDAE,Hemiechinus_auritus,1.9,250,0.564810846,1,12,0,0.71
217,Eulipotyphla,ERINACEIDAE,Mesechinus_dauuricus,2.9,342,0.682569668,1,21,1,0.5
218,Eulipotyphla,SOLENODONTIDAE,Solenodon_paradoxus,4.67,900,0.533905804,0,0,1,0.32
219,Eulipotyphla,SORICIDAE,Blarina_brevicauda,0.34,16,0.784617054,0,0,0,0.37
220,Eulipotyphla,SORICIDAE,Crocidura_fuscomurina,0.13,6,0.657366787,0,0,0,0.81
221,Eulipotyphla,SORICIDAE,Crocidura_russula,0.19,10,0.628090782,0,0,0,0.7
222,Eulipotyphla,SORICIDAE,Cryptotis_parva,0.12,5,0.632243133,0,0,1,0.51
223,Eulipotyphla,SORICIDAE,Neomys_fodiens,0.29,18,0.626764352,0,0,1,0.58
224,Eulipotyphla,SORICIDAE,Notiosorex_crawfordi,0.15,6,0.720448763,0,0,1,0.64
225,Eulipotyphla,SORICIDAE,Sorex_araneus,0.2,10,0.641898114,0,0,1,0.54
226,Eulipotyphla,SORICIDAE,Sorex_arcticus,0.27,8,1.027238538,0,0,1,0.25
227,Eulipotyphla,SORICIDAE,Sorex_cinereus,0.17,4,1.1259715,0,0,0,0.48
228,Eulipotyphla,SORICIDAE,Sorex_fumeus,0.21,9,0.751600436,0,0,1,0.4
229,Eulipotyphla,SORICIDAE,Sorex_hoyi,0.09,3,0.743937763,0,0,1,0.48
230,Eulipotyphla,SORICIDAE,Sorex_minutus,0.15,4,0.993504265,0,0,1,0.58
231,Eulipotyphla,SORICIDAE,Sorex_monticolus,0.23,6,1.065203193,0,0,1,0.38
232,Eulipotyphla,SORICIDAE,Sorex_ornatus,0.12,5,0.660331928,0,0,1,0.48
233,Eulipotyphla,SORICIDAE,Sorex_palustris,0.31,12,0.893339083,0,0,1,0.25
234,Eulipotyphla,SORICIDAE,Sorex_trowbridgii,0.21,5,1.106425483,0,0,1,0.37
235,Eulipotyphla,SORICIDAE,Sorex_vagrans,0.17,5,0.895677772,0,0,1,0.2
236,Eulipotyphla,SORICIDAE,Suncus_etruscus,0.08,2,0.812185704,0,0,1,0.62
237,Eulipotyphla,SORICIDAE,Suncus_murinus,0.39,35,0.502576896,0,0,1,0.53
238,Eulipotyphla,SORICIDAE,Surdisorex_polulus,0.4,19,0.826068399,0,0,1,0.8
239,Eulipotyphla,TALPIDAE,Condylura_cristata,1.37,50,1.353011904,0,0,0,0.37
240,Eulipotyphla,TALPIDAE,Desmana_moschata,4,440,0.779932411,0,0,0,0.3
241,Eulipotyphla,TALPIDAE,Galemys_pyrenaicus,1.33,58,1.183455964,0,0,0,0.3
242,Eulipotyphla,TALPIDAE,Neurotrichus_gibbsii,0.91,10,2.985754297,0,0,1,0.48
243,Eulipotyphla,TALPIDAE,Scalopus_aquaticus,1.48,40,1.73937723,0,0,1,0.65
244,Eulipotyphla,TALPIDAE,Scapanus_townsendii,2.02,70,1.552104311,0,0,1,0.6
245,Eulipotyphla,TALPIDAE,Talpa_europaea,1.69,81,1.169972494,0,0,1,0.6
246,Hyracoidea,PROCAVIIDAE,Procavia_capensis,19.47,2322,1.097532946,0,0,0,0.71
247,Lagomorpha,LEPORIDAE,Lepus_americanus,9.72,1500,0.759127736,0,0,0,0.53
248,Lagomorpha,LEPORIDAE,Lepus_arcticus,15.8,4231,0.569302726,0,0,0,0.63
249,Lagomorpha,LEPORIDAE,Lepus_californicus,13.23,2315,0.747510806,0,0,0,0.61
250,Lagomorpha,LEPORIDAE,Lepus_capensis,10.23,2930,0.484847391,0,0,0,0.76
251,Lagomorpha,LEPORIDAE,Lepus_europaeus,14.35,1954,0.920099624,0,0,0,0.68
252,Lagomorpha,LEPORIDAE,Lepus_timidus,16.7,3833,0.647752631,0,0,0,0.56
253,Lagomorpha,LEPORIDAE,Oryctolagus_cuniculus,11.09,2158,0.660590647,0,0,0,0.56
254,Lagomorpha,LEPORIDAE,Sylvilagus_audubonii,6.07,793,0.76304106,0,0,0,0.56
255,Lagomorpha,LEPORIDAE,Sylvilagus_bachmani,6.58,712,0.89558442,0,0,0,0.49
256,Lagomorpha,LEPORIDAE,Sylvilagus_brasiliensis,4.5,439,0.878914553,0,0,0,0.45
257,Lagomorpha,LEPORIDAE,Sylvilagus_floridanus,7.56,1036,0.778172881,0,0,0,0.58
258,Lagomorpha,OCHOTONIDAE,Ochotona_hyperborea,2.22,120,1.141028359,0,0,0,0.53
259,Lagomorpha,OCHOTONIDAE,Ochotona_princeps,2.39,169,0.951496276,0,0,0,0.8
260,Lagomorpha,OCHOTONIDAE,Ochotona_rufescens,2.75,250,0.817489383,0,0,0,0.64
261,Macroscelidea,MACROSCELIDIDAE,Elephantulus_fuscipes,1.33,57,1.191191737,0,0,1,0.8
262,Macroscelidea,MACROSCELIDIDAE,Rhynchocyon_cirnei,5.7,525,0.974201265,0,0,1,0.3
263,Macroscelidea,MACROSCELIDIDAE,Rhynchocyon_petersi,5.4,370,1.198196226,0,0,1,0.1
264,Monotremata,ORNITHORHYNCHIDAE,Ornithorhynchus_anatinus,10.08,1389,0.833981307,0,0,0,0.3
265,Monotremata,TACHYGLOSSIDAE,Tachyglossus_aculeatus,20.73,4250,0.744604181,1,48,1,0.58
266,Monotremata,TACHYGLOSSIDAE,Zaglossus_bruijni,37.35,7500,0.877950529,1,48,1,0.1
267,Paucituberculata,CAENOLESTIDAE,Rhyncholestes_raphanurus,0.67,20,1.317399241,0,0,1,0.1
268,Peramelemorphia,PERAMELIDAE,Echymipera_clara,4.64,1207,0.426281828,0,0,0,0.45
269,Peramelemorphia,PERAMELIDAE,Echymipera_rufescens,3.86,798,0.48326696,0,0,0,0.47
270,Peramelemorphia,PERAMELIDAE,Isoodon_macrourus,4.58,822,0.560144818,0,0,1,0.59
271,Peramelemorphia,PERAMELIDAE,Isoodon_obesulus,4.03,691,0.561140232,0,0,1,0.62
272,Peramelemorphia,PERAMELIDAE,Perameles_bougainville,3.33,457,0.630347415,0,0,1,0.68
273,Peramelemorphia,PERAMELIDAE,Perameles_gunnii,4.66,1002,0.491968869,0,0,1,0.8
274,Peramelemorphia,PERAMELIDAE,Perameles_nasuta,5.14,1273,0.453578141,0,0,1,0.58
275,Peramelemorphia,PERAMELIDAE,Peroryctes_raffrayana,6.56,977,0.705204045,0,0,0,0.47
276,Peramelemorphia,THYLACOMYIDAE,Macrotis_lagotis,6.81,1859,0.452955329,0,0,0,0.61
277,Perissodactyla,EQUIDAE,Equus_asinus,434,234000,0.783551188,0,0,0,0.75
278,Perissodactyla,EQUIDAE,Equus_burchellii,612,250000,1.051721735,0,0,0,0.67
279,Perissodactyla,TAPIRIDAE,Tapirus_bairdii,85,14260,1.237252766,0,0,0,0.43
280,Pholidota,MANIDAE,Manis_javanica,11,3500,0.456594418,3,48,1,0.47
281,Pholidota,MANIDAE,Manis_pentadactyla,17.64,4675,0.589932693,3,48,1,0.55
282,Pholidota,MANIDAE,Manis_tricuspis,9.3,2067,0.571761807,3,48,1,0.45
283,Pilosa,BRADYPODIDAE,Bradypus_tridactylus,24.9,4097,0.918993441,0,0,0,0.1
284,Pilosa,BRADYPODIDAE,Bradypus_variegatus,16.03,3263,0.701258532,0,0,0,0.45
285,Pilosa,CYCLOPEDIDAE,Cyclopes_didactylus,4.29,400,0.898117611,0,0,1,0.1
286,Pilosa,MEGALONYCHIDAE,Choloepus_didactylus,28.2,5070,0.887821881,0,0,0,0.1
287,Pilosa,MEGALONYCHIDAE,Choloepus_hoffmanni,23.07,4825,0.753652717,0,0,0,0.47
288,Pilosa,MYRMECOPHAGIDAE,Myrmecophaga_tridactyla,84,18940,0.989387681,0,0,1,0.53
289,Pilosa,MYRMECOPHAGIDAE,Tamandua_tetradactyla,27.5,4361,0.968755423,0,0,1,0.43
290,Primates,AOTIDAE,Aotus_lemurinus,113.5,9027,2.323758936,0,0,0,0.1
291,Primates,AOTIDAE,Aotus_trivirgatus,17.2,630,2.565860675,0,0,0,0.1
292,Primates,ATELIDAE,Alouatta_caraya,55.8,7070,1.370818604,0,0,0,0.4
293,Primates,ATELIDAE,Alouatta_palliata,50.04,5952,1.397616559,0,0,0,0.1
294,Primates,ATELIDAE,Alouatta_seniculus,45.5,2828,2.214510382,0,0,0,0.4
295,Primates,ATELIDAE,Ateles_fusciceps,113.6,9027,2.325806301,0,0,0,0.1
296,Primates,ATELIDAE,Ateles_geoffroyi,107.7,4680,3.599357386,0,0,0,0.1
297,Primates,ATELIDAE,Ateles_paniscus,106.5,5040,3.36782178,0,0,0,0.1
298,Primates,ATELIDAE,Lagothrix_lagotricha,89.35,3905,3.417888855,0,0,0,0.4
299,Primates,CALLITRICHIDAE,Callithrix_jacchus,7.73,347,1.797978111,0,0,0,0.4
300,Primates,CALLITRICHIDAE,Callithrix_pygmaea,4.64,135,2.187268955,0,0,0,0.1
301,Primates,CALLITRICHIDAE,Leontopithecus_rosalia,11.7,503,2.066098537,0,0,0,0.1
302,Primates,CALLITRICHIDAE,Saguinus_geoffroyi,10.5,546,1.742834953,0,0,0,0.1
303,Primates,CALLITRICHIDAE,Saguinus_oedipus,9.7,370,2.152315443,0,0,0,0.1
304,Primates,CEBIDAE,Cebus_albifrons,60.7,1470,4.812631763,0,0,0,0.4
305,Primates,CEBIDAE,Cebus_apella,62.6,1810,4.24970506,0,0,0,0.4
306,Primates,CEBIDAE,Cebus_capucinus,70.14,2105,4.254226884,0,0,0,0.4
307,Primates,CEBIDAE,Cebus_olivaceus,72.5,2685,3.667909213,0,0,0,0.1
308,Primates,CEBIDAE,Saimiri_boliviensis,24.1,750,3.156705113,0,0,0,0.1
309,Primates,CEBIDAE,Saimiri_oerstedii,22.45,605,3.451751399,0,0,0,0.1
310,Primates,CEBIDAE,Saimiri_sciureus,23.1,580,3.6652818,0,0,0,0.1
311,Primates,CERCOPITHECIDAE,Cercocebus_agilis,95.3,4700,3.174830708,0,0,0,0.1
312,Primates,CERCOPITHECIDAE,Cercopithecus_cephus,57.5,1915,3.742679253,0,0,0,0.1
313,Primates,CERCOPITHECIDAE,Cercopithecus_mitis,75,6300,2.008010073,0,0,0,0.45
314,Primates,CERCOPITHECIDAE,Cercopithecus_mona,67,3001,3.119227448,0,0,0,0.45
315,Primates,CERCOPITHECIDAE,Chlorocebus_aethiops,64.13,3453,2.689262007,0,0,0,0.7
316,Primates,CERCOPITHECIDAE,Colobus_angolensis,74.4,9670,1.446963112,0,0,0,0.1
317,Primates,CERCOPITHECIDAE,Colobus_guereza,83.9,10281,1.558792754,0,0,0,0.45
318,Primates,CERCOPITHECIDAE,Erythrocebus_patas,97,9740,1.876374085,0,0,0,0.58
319,Primates,CERCOPITHECIDAE,Lophocebus_albigena,96.8,5125,3.023127084,0,0,0,0.1
320,Primates,CERCOPITHECIDAE,Macaca_arctoides,99.8,7450,2.357841653,0,0,0,0.1
321,Primates,CERCOPITHECIDAE,Macaca_assamensis,90.5,3655,3.637033208,0,0,0,0.1
322,Primates,CERCOPITHECIDAE,Macaca_fascicularis,61.9,3360,2.648830825,0,0,1,0.4
323,Primates,CERCOPITHECIDAE,Macaca_maura,95.1,9450,1.881572952,0,0,0,0.45
324,Primates,CERCOPITHECIDAE,Macaca_mulatta,85.2,4880,2.759885605,0,0,0,0.53
325,Primates,CERCOPITHECIDAE,Macaca_nemestrina,110,4456,3.813223431,0,0,0,0.45
326,Primates,CERCOPITHECIDAE,Macaca_nigra,97.5,3452,4.088994084,0,0,0,0.45
327,Primates,CERCOPITHECIDAE,Macaca_sinica,58.15,1970,3.705873478,0,0,0,0.45
328,Primates,CERCOPITHECIDAE,Macaca_sylvanus,87.7,11200,1.528606219,0,0,0,0.44
329,Primates,CERCOPITHECIDAE,Mandrillus_sphinx,159.2,11500,2.720665492,0,0,0,0.1
330,Primates,CERCOPITHECIDAE,Papio_anubis,148,12900,2.321530882,0,0,0,0.53
331,Primates,CERCOPITHECIDAE,Papio_hamadryas,142,12020,2.347968603,0,0,0,0.7
332,Primates,CERCOPITHECIDAE,Pygathrix_nemaeus,77,7500,1.810121373,0,0,0,0.1
333,Primates,CERCOPITHECIDAE,Semnopithecus_entellus,111.5,7010,2.756651717,0,0,0,0.58
334,Primates,CERCOPITHECIDAE,Theropithecus_gelada,130,7710,2.993735725,0,0,0,0.8
335,Primates,CERCOPITHECIDAE,Trachypithecus_francoisi,94.4,9100,1.921054957,0,0,0,0.08
336,Primates,CHEIROGALEIDAE,Cheirogaleus_major,6.8,450,1.303842254,0,0,0,0.1
337,Primates,CHEIROGALEIDAE,Cheirogaleus_medius,3.3,181,1.248240866,0,0,0,0.1
338,Primates,CHEIROGALEIDAE,Microcebus_murinus,1.84,58,1.626721525,0,0,0,0.47
339,Primates,DAUBENTONIIDAE,Daubentonia_madagascariensis,45.15,2800,2.213556119,0,0,0,0.47
340,Primates,GALAGIDAE,Galago_demidoff,3.38,81,2.329161216,0,0,1,0.1
341,Primates,GALAGIDAE,Galago_senegalensis,5,200,1.755554439,0,0,0,0.4
342,Primates,GALAGIDAE,Otolemur_crassicaudatus,10.3,850,1.22886275,0,0,0,0.53
343,Primates,HOMINIDAE,Gorilla_gorilla,454.55,120975,1.342466309,0,0,0,0.1
344,Primates,HOMINIDAE,Homo_sapiens,1250.43,65143,5.860395515,0,0,0,0.66
345,Primates,HOMINIDAE,Pan_paniscus,322.4,45400,1.978100493,0,0,0,0.1
346,Primates,HOMINIDAE,Pan_troglodytes,354.81,60433,1.758639174,0,0,0,0.1
347,Primates,HOMINIDAE,Pongo_pygmaeus,322,32659,2.525936304,0,0,0,0.1
348,Primates,HYLOBATIDAE,Hylobates_agilis,96.9,4309,3.444225566,0,0,0,0.1
349,Primates,HYLOBATIDAE,Hylobates_lar,85.99,5400,2.582764311,0,0,0,0.1
350,Primates,HYLOBATIDAE,Hylobates_muelleri,101.8,5700,2.936823248,0,0,0,0.1
351,Primates,HYLOBATIDAE,Symphalangus_syndactylus,128,11793,2.146796688,0,0,0,0.1
352,Primates,INDRIIDAE,Avahi_laniger,10.49,1285,0.919488768,0,0,0,0.1
353,Primates,INDRIIDAE,Indri_indri,38.3,6250,1.031537343,0,0,0,0.1
354,Primates,INDRIIDAE,Propithecus_verreauxi,26.7,3480,1.113027306,0,0,0,0.3
355,Primates,LEMURIDAE,Eulemur_macaco,22.6,2086,1.380024375,0,0,0,0.45
356,Primates,LEMURIDAE,Eulemur_mongoz,24.03,1559,1.823451504,0,0,0,0.1
357,Primates,LEMURIDAE,Eulemur_rubriventer,24.9,1015,2.602485708,0,0,0,0.1
358,Primates,LEMURIDAE,Lemur_catta,21.63,2090,1.319188894,0,0,0,0.3
359,Primates,LEMURIDAE,Varecia_variegata,31.2,2706,1.569316728,0,0,0,0.1
360,Primates,LORISIDAE,Loris_tardigradus,5.9,322,1.452125678,0,0,0,0.1
361,Primates,LORISIDAE,Nycticebus_coucang,7.88,965,0.855227221,0,0,0,0.45
362,Primates,LORISIDAE,Nycticebus_pygmaeus,7.8,480,1.425283683,0,0,0,0.45
363,Primates,LORISIDAE,Perodicticus_potto,11.3,1100,1.112274995,0,0,0,0.1
364,Primates,PITHECIIDAE,Callicebus_moloch,19,900,2.172207769,0,0,0,0.1
365,Primates,PITHECIIDAE,Pithecia_monachus,35,1500,2.733484646,0,0,0,0.1
366,Primates,TARSIIDAE,Tarsius_bancanus,2.7,78,1.921054092,0,0,1,0.45
367,Primates,TARSIIDAE,Tarsius_syrichta,3.36,92,2.105553262,0,0,0,0.45
368,Proboscidea,ELEPHANTIDAE,Elephas_maximus,4550,2267430,1.509370263,0,0,0,0.55
369,Proboscidea,ELEPHANTIDAE,Loxodonta_africana,5436.4,4301340,1.118550672,0,0,0,0.6
370,Rodentia,APLODONTIIDAE,Aplodontia_rufa,7.04,806,0.873895276,0,0,0,0.37
371,Rodentia,BATHYERGIDAE,Bathyergus_suillus,3.75,1175,0.351395093,0,0,0,0.88
372,Rodentia,BATHYERGIDAE,Cryptomys_hottentotus,1.17,98,0.697307268,0,0,0,0.7
373,Rodentia,BATHYERGIDAE,Heliophobius_argenteocinereus,1.43,160,0.593028007,0,0,0,0.57
374,Rodentia,BATHYERGIDAE,Heterocephalus_glaber,0.52,61,0.443837453,0,0,0,0.57
375,Rodentia,CAPROMYIDAE,Geocapromys_ingrahami,4.46,717,0.603941277,0,0,0,0.47
376,Rodentia,CASTORIDAE,Castor_canadensis,52.21,27670,0.463476303,0,0,0,0.25
377,Rodentia,CAVIIDAE,Cavia_aperea,2.8,88,1.813788448,0,0,0,0.77
378,Rodentia,CAVIIDAE,Dolichotis_patagonum,30.5,8000,0.683293647,0,0,0,0.5
379,Rodentia,CAVIIDAE,Galea_musteloides,2.72,375,0.597522484,0,0,0,0.65
380,Rodentia,CAVIIDAE,Hydrochoerus_hydrochaeris,75,28500,0.651267898,0,0,0,0.37
381,Rodentia,CHINCHILLIDAE,Chinchilla_lanigera,5.3,432,1.0476535,0,0,0,0.63
382,Rodentia,CHINCHILLIDAE,Lagidium_viscacia,15.08,2461,0.81389159,0,0,0,0.8
383,Rodentia,CHINCHILLIDAE,Lagostomus_maximus,12.66,4271,0.452991741,0,0,0,0.82
384,Rodentia,CRICETIDAE,Arvicola_amphibius,1.64,168,0.654934353,0,0,0,0.58
385,Rodentia,CRICETIDAE,Cricetus_cricetus,2.2,297,0.575120758,0,0,0,0.73
386,Rodentia,CRICETIDAE,Dicrostonyx_groenlandicus,0.72,68,0.56285084,0,0,0,0.9
387,Rodentia,CRICETIDAE,Dicrostonyx_torquatus,0.84,73,0.625537149,0,0,0,0.65
388,Rodentia,CRICETIDAE,Holochilus_sciureus,1.41,112,0.761462444,0,0,0,0.55
389,Rodentia,CRICETIDAE,Isthmomys_pirrensis,1.71,138,0.791879291,0,0,0,0.1
390,Rodentia,CRICETIDAE,Lagurus_lagurus,0.42,20,0.818611243,0,0,0,0.7
391,Rodentia,CRICETIDAE,Lemmus_lemmus,0.86,69,0.668651134,0,0,0,0.65
392,Rodentia,CRICETIDAE,Lemmus_sibiricus,1.49,70,1.144869022,0,0,0,0.56
393,Rodentia,CRICETIDAE,Megadontomys_thomasi,1.26,111,0.6863921,0,0,0,0.1
394,Rodentia,CRICETIDAE,Mesocricetus_auratus,1.12,125,0.558387679,0,0,0,0.8
395,Rodentia,CRICETIDAE,Microtus_agrestis,0.57,22,1.028139635,0,0,0,0.54
396,Rodentia,CRICETIDAE,Microtus_arvalis,0.57,30,0.815950543,0,0,0,0.6
397,Rodentia,CRICETIDAE,Microtus_californicus,0.78,43,0.857605003,0,0,0,0.85
398,Rodentia,CRICETIDAE,Microtus_guentheri,0.69,51,0.668519701,0,0,0,0.73
399,Rodentia,CRICETIDAE,Microtus_longicaudus,0.7,47,0.719415964,0,0,0,0.63
400,Rodentia,CRICETIDAE,Microtus_montanus,0.69,40,0.809401577,0,0,0,0.63
401,Rodentia,CRICETIDAE,Microtus_ochrogaster,0.71,44,0.773982847,0,0,0,0.64
402,Rodentia,CRICETIDAE,Microtus_oregoni,0.52,22,0.947477046,0,0,0,0.6
403,Rodentia,CRICETIDAE,Microtus_pennsylvanicus,0.77,37,0.946255922,0,0,0,0.57
404,Rodentia,CRICETIDAE,Microtus_pinetorum,0.56,25,0.930327776,0,0,0,0.43
405,Rodentia,CRICETIDAE,Microtus_townsendii,0.88,46,0.927875482,0,0,0,0.63
406,Rodentia,CRICETIDAE,Myodes_gapperi,0.56,17,1.242216287,0,0,0,0.5
407,Rodentia,CRICETIDAE,Myodes_glareolus,0.52,18,1.105064573,0,0,0,0.4
408,Rodentia,CRICETIDAE,Myodes_rufocanus,0.61,38,0.734981188,0,0,0,0.54
409,Rodentia,CRICETIDAE,Myodes_rutilus,0.56,18,1.205169828,0,0,0,0.55
410,Rodentia,CRICETIDAE,Myopus_schisticolor,0.56,34,0.745619529,0,0,0,0.25
411,Rodentia,CRICETIDAE,Neofiber_alleni,2.72,271,0.762403348,0,0,0,0.63
412,Rodentia,CRICETIDAE,Neotoma_albigula,2.17,223,0.702249968,0,0,0,0.64
413,Rodentia,CRICETIDAE,Neotoma_cinerea,2.65,331,0.638518311,0,0,0,0.52
414,Rodentia,CRICETIDAE,Neotoma_floridana,3.04,258,0.883476295,0,0,0,0.47
415,Rodentia,CRICETIDAE,Neotoma_fuscipes,2.66,193,0.957999643,0,0,0,0.4
416,Rodentia,CRICETIDAE,Neotoma_micropus,2.66,378,0.580534989,0,0,0,0.6
417,Rodentia,CRICETIDAE,Nyctomys_sumichrasti,1.08,60,0.930969807,0,0,0,0.1
418,Rodentia,CRICETIDAE,Ochrotomys_nuttalli,1.28,22,2.33225119,0,0,0,0.53
419,Rodentia,CRICETIDAE,Oligoryzomys_longicaudatus,0.67,27,1.059560539,0,0,0,0.53
420,Rodentia,CRICETIDAE,Ondatra_zibethicus,5.03,1136,0.48321467,0,0,0,0.55
421,Rodentia,CRICETIDAE,Onychomys_leucogaster,0.8,27,1.239274219,0,0,1,0.79
422,Rodentia,CRICETIDAE,Onychomys_torridus,0.59,20,1.162497755,0,0,1,0.78
423,Rodentia,CRICETIDAE,Oryzomys_palustris,0.88,47,0.908702555,0,0,0,0.7
424,Rodentia,CRICETIDAE,Ototylomys_phyllotis,1.33,63,1.105493682,0,0,0,0.1
425,Rodentia,CRICETIDAE,Peromyscus_aztecus,0.92,40,1.078594128,0,0,1,0.45
426,Rodentia,CRICETIDAE,Peromyscus_boylii,0.71,27,1.096181485,0,0,0,0.64
427,Rodentia,CRICETIDAE,Peromyscus_californicus,0.91,44,0.996535816,0,0,0,0.4
428,Rodentia,CRICETIDAE,Peromyscus_crinitus,0.53,14,1.385551953,0,0,0,0.73
429,Rodentia,CRICETIDAE,Peromyscus_eremicus,0.54,20,1.059190285,0,0,0,0.78
430,Rodentia,CRICETIDAE,Peromyscus_gossypinus,0.68,28,1.028162645,0,0,0,0.46
431,Rodentia,CRICETIDAE,Peromyscus_grandis,1.53,77,1.091536815,0,0,0,0.1
432,Rodentia,CRICETIDAE,Peromyscus_guatemalensis,1.16,53,1.09951644,0,0,0,0.1
433,Rodentia,CRICETIDAE,Peromyscus_leucopus,0.6,21,1.123478033,0,0,0,0.58
434,Rodentia,CRICETIDAE,Peromyscus_maniculatus,0.57,22,1.051080395,0,0,0,0.65
435,Rodentia,CRICETIDAE,Peromyscus_megalops,1.12,66,0.897161516,0,0,0,0.1
436,Rodentia,CRICETIDAE,Peromyscus_melanocarpus,1.03,59,0.901351972,0,0,0,0.1
437,Rodentia,CRICETIDAE,Peromyscus_melanophrys,0.94,45,1.004254975,0,0,0,0.88
438,Rodentia,CRICETIDAE,Peromyscus_melanotis,0.63,40,0.740410577,0,0,0,0.6
439,Rodentia,CRICETIDAE,Peromyscus_merriami,0.56,21,1.067023407,0,0,0,0.6
440,Rodentia,CRICETIDAE,Peromyscus_mexicanus,0.99,47,1.031287569,0,0,1,0.55
441,Rodentia,CRICETIDAE,Peromyscus_polionotus,0.42,13,1.112917315,0,0,0,0.73
442,Rodentia,CRICETIDAE,Peromyscus_truei,0.75,27,1.161726158,0,0,0,0.64
443,Rodentia,CRICETIDAE,Peromyscus_yucatanicus,0.7,26,1.116410019,0,0,0,0.1
444,Rodentia,CRICETIDAE,Podomys_floridanus,0.94,33,1.252505477,0,0,0,0.53
445,Rodentia,CRICETIDAE,Reithrodontomys_megalotis,0.4,11,1.24782122,0,0,0,0.69
446,Rodentia,CRICETIDAE,Sigmodon_hispidus,1.14,133,0.544182385,0,0,0,0.88
447,Rodentia,CRICETIDAE,Synaptomys_cooperi,0.59,24,1.013767293,0,0,0,0.48
448,Rodentia,CRICETIDAE,Tscherskia_triton,1.29,25,2.136678291,0,0,0,0.55
449,Rodentia,CTENODACTYLIDAE,Massoutiera_mzabi,2.32,183,0.871808465,0,0,0,0.8
450,Rodentia,CTENODACTYLIDAE,Pectinator_spekei,1.93,180,0.733055225,0,0,0,0.7
451,Rodentia,DASYPROCTIDAE,Dasyprocta_leporina,21.26,2873,1.022486439,0,0,0,0.45
452,Rodentia,DASYPROCTIDAE,Dasyprocta_punctata,18.34,3172,0.819251893,0,0,0,0.45
453,Rodentia,DINOMYIDAE,Dinomys_branickii,26.95,14000,0.397703972,0,0,0,0.45
454,Rodentia,DIPODIDAE,Allactaga_sibirica,3.5,193,1.261987245,0,0,1,0.65
455,Rodentia,DIPODIDAE,Jaculus_jaculus,1.21,55,1.106979962,0,0,0,0.76
456,Rodentia,DIPODIDAE,Jaculus_orientalis,2.5,98,1.494507263,0,0,0,0.64
457,Rodentia,DIPODIDAE,Napaeozapus_insignis,0.48,23,0.840620302,0,0,0,0.37
458,Rodentia,DIPODIDAE,Zapus_hudsonius,0.55,17,1.189012155,0,0,0,0.57
459,Rodentia,DIPODIDAE,Zapus_princeps,0.5,25,0.840745941,0,0,0,0.55
460,Rodentia,ECHIMYIDAE,Clyomys_laticeps,3.52,201,1.232151602,1,10,0,0.7
461,Rodentia,ECHIMYIDAE,Echimys_chrysurus,5.02,652,0.730192701,1,10,0,0.1
462,Rodentia,ECHIMYIDAE,Hoplomys_gymnurus,4.13,330,0.998047764,1,15,0,0.1
463,Rodentia,ECHIMYIDAE,Makalata_didelphoides,3.45,108,1.920082345,1,10,0,0.45
464,Rodentia,ECHIMYIDAE,Makalata_macrura,3.89,439,0.758802122,1,10,0,0.45
465,Rodentia,ECHIMYIDAE,Mesomys_hispidus,2.64,175,1.024718954,1,15,0,0.57
466,Rodentia,ECHIMYIDAE,Proechimys_brevicauda,2.95,285,0.795988236,1,6,0,0.45
467,Rodentia,ECHIMYIDAE,Proechimys_semispinosus,6.87,545,1.142263424,1,4,0,0.1
468,Rodentia,ERETHIZONTIDAE,Coendou_prehensilis,16.73,4400,0.585505873,1,42,0,0.1
469,Rodentia,ERETHIZONTIDAE,Coendou_rothschildi,20.85,2000,1.313832311,1,42,0,0.1
470,Rodentia,ERETHIZONTIDAE,Erethizon_dorsatum,24.6,5397,0.739200202,1,36,0,0.63
471,Rodentia,ERETHIZONTIDAE,Sphiggurus_vestitus,11.71,736,1.555100255,1,7.5,0,0.45
472,Rodentia,GEOMYIDAE,Cratogeomys_fumosus,4.19,637,0.619249661,0,0,0,0.57
473,Rodentia,GEOMYIDAE,Geomys_breviceps,1.7,139,0.783860993,0,0,0,0.8
474,Rodentia,GEOMYIDAE,Geomys_bursarius,1.35,175,0.523648734,0,0,0,0.77
475,Rodentia,GEOMYIDAE,Geomys_pinetis,2.51,314,0.629498336,0,0,0,0.6
476,Rodentia,GEOMYIDAE,Orthogeomys_cherriei,3.47,405,0.719872841,0,0,0,0.45
477,Rodentia,GEOMYIDAE,Orthogeomys_heterodus,4.31,630,0.642921145,0,0,0,0.8
478,Rodentia,GEOMYIDAE,Orthogeomys_hispidus,3.98,542,0.663865983,0,0,0,0.57
479,Rodentia,GEOMYIDAE,Thomomys_bottae,1.53,185,0.570130102,0,0,0,0.69
480,Rodentia,GEOMYIDAE,Thomomys_talpoides,1.1,91,0.696082409,0,0,0,0.68
481,Rodentia,GEOMYIDAE,Zygogeomys_trichopus,3.95,545,0.656063104,0,0,0,0.2
482,Rodentia,GLIRIDAE,Glis_glis,1.9,148,0.835124135,0,0,0,0.53
483,Rodentia,HETEROMYIDAE,Chaetodipus_baileyi,0.67,31,0.945467182,0,0,0,0.95
484,Rodentia,HETEROMYIDAE,Chaetodipus_californicus,0.62,26,0.999893078,0,0,0,0.78
485,Rodentia,HETEROMYIDAE,Chaetodipus_fallax,0.54,20,1.042278378,0,0,0,0.78
486,Rodentia,HETEROMYIDAE,Chaetodipus_formosus,0.45,15,1.064292685,0,0,0,0.78
487,Rodentia,HETEROMYIDAE,Chaetodipus_hispidus,0.68,35,0.877395773,0,0,0,0.7
488,Rodentia,HETEROMYIDAE,Chaetodipus_penicillatus,0.46,17,1.029395068,0,0,0,0.78
489,Rodentia,HETEROMYIDAE,Chaetodipus_spinatus,0.48,19,0.964893473,0,0,0,0.88
490,Rodentia,HETEROMYIDAE,Dipodomys_agilis,1.34,61,1.135386869,0,0,0,0.4
491,Rodentia,HETEROMYIDAE,Dipodomys_deserti,1.74,115,0.925225089,0,0,0,0.95
492,Rodentia,HETEROMYIDAE,Dipodomys_heermanni,1.5,71,1.138506834,0,0,0,0.65
493,Rodentia,HETEROMYIDAE,Dipodomys_merriami,0.39,35,0.502576896,0,0,0,0.78
494,Rodentia,HETEROMYIDAE,Dipodomys_microps,1.22,66,0.984805966,0,0,0,0.78
495,Rodentia,HETEROMYIDAE,Dipodomys_ordii,1.51,60,1.300607645,0,0,0,0.7
496,Rodentia,HETEROMYIDAE,Dipodomys_panamintinus,1.6,74,1.176105516,0,0,0,0.72
497,Rodentia,HETEROMYIDAE,Dipodomys_spectabilis,2.15,147,0.953893352,0,0,0,0.95
498,Rodentia,HETEROMYIDAE,Heteromys_desmarestianus,1.17,77,0.836966945,0,0,0,0.1
499,Rodentia,HETEROMYIDAE,Liomys_irroratus,1.06,58,0.937854452,0,0,0,0.6
500,Rodentia,HETEROMYIDAE,Liomys_pictus,0.78,40,0.902986083,0,0,0,0.3
501,Rodentia,HETEROMYIDAE,Liomys_salvini,0.77,45,0.824000791,0,0,0,0.1
502,Rodentia,HETEROMYIDAE,Microdipodops_megacephalus,0.52,14,1.351208622,0,0,0,0.78
503,Rodentia,HETEROMYIDAE,Microdipodops_pallidus,0.55,13,1.489869998,0,0,0,0.95
504,Rodentia,HETEROMYIDAE,Perognathus_flavus,0.3,9,1.082804009,0,0,0,0.78
505,Rodentia,HETEROMYIDAE,Perognathus_longimembris,0.32,8,1.244597696,0,0,0,0.78
506,Rodentia,HETEROMYIDAE,Perognathus_parvus,0.49,17,1.061421533,0,0,0,0.67
507,Rodentia,HYSTRICIDAE,Atherurus_africanus,18.47,2685,0.934301678,1,32,0,0.45
508,Rodentia,HYSTRICIDAE,Atherurus_macrourus,31.57,2000,1.989517514,1,24,0,0.3
509,Rodentia,HYSTRICIDAE,Hystrix_africaeaustralis,35.71,14936,0.502102525,1,48,0,0.7
510,Rodentia,HYSTRICIDAE,Hystrix_brachyura,37.64,8000,0.84328144,1,48,0,0.53
511,Rodentia,HYSTRICIDAE,Hystrix_cristata,49.55,20000,0.56034955,1,48,0,0.62
512,Rodentia,HYSTRICIDAE,Hystrix_indica,44.07,14650,0.628716773,1,48,0,0.48
513,Rodentia,HYSTRICIDAE,Hystrix_sumatrae,27.04,3260,1.183457338,1,32,0,0.47
514,Rodentia,HYSTRICIDAE,Trichys_fasciculata,13.05,1560,0.990083958,1,10,0,0.57
515,Rodentia,MURIDAE,Abeomelomys_sevia,1.49,61,1.262482414,0,0,0,0.45
516,Rodentia,MURIDAE,Acomys_cahirinus,0.76,44,0.825677727,0,0,0,0.7
517,Rodentia,MURIDAE,Acomys_wilsoni,0.58,19,1.202625914,0,0,1,0.67
518,Rodentia,MURIDAE,Aethomys_chrysophilus,1.25,117,0.654720642,0,0,0,0.53
519,Rodentia,MURIDAE,Aethomys_hindei,1.42,146,0.629547858,0,0,0,0.53
520,Rodentia,MURIDAE,Apodemus_agrarius,0.2,33,0.2674849,0,0,0,0.58
521,Rodentia,MURIDAE,Apodemus_flavicollis,0.7,32,0.957735603,0,0,0,0.35
522,Rodentia,MURIDAE,Apodemus_sylvaticus,0.58,19,1.197799178,0,0,0,0.64
523,Rodentia,MURIDAE,Arvicanthis_niloticus,1.33,85,0.888033215,0,0,0,0.73
524,Rodentia,MURIDAE,Gerbilliscus_afra,1.56,65,1.266787904,0,0,0,0.78
525,Rodentia,MURIDAE,Gerbilliscus_brantsii,1.56,92,0.979963156,0,0,0,0.73
526,Rodentia,MURIDAE,Gerbillurus_paeba,0.84,24,1.434347476,0,0,0,0.76
527,Rodentia,MURIDAE,Gerbillus_gleadowi,0.69,26,1.106745962,0,0,0,0.95
528,Rodentia,MURIDAE,Gerbillus_nanus,0.6,14,1.531624869,0,0,0,0.74
529,Rodentia,MURIDAE,Gerbillus_pyramidum,0.88,41,1.009600967,0,0,0,0.75
530,Rodentia,MURIDAE,Grammomys_cometes,0.96,41,1.105417861,0,0,0,0.3
531,Rodentia,MURIDAE,Hybomys_trivirgatus,1.1,58,0.978798165,0,0,0,0.1
532,Rodentia,MURIDAE,Hydromys_chrysogaster,4.33,698,0.598390134,0,0,0,0.4
533,Rodentia,MURIDAE,Lemniscomys_striatus,0.85,46,0.890448252,0,0,0,0.58
534,Rodentia,MURIDAE,Leopoldamys_siporanus,3.39,333,0.814256028,0,0,0,0.1
535,Rodentia,MURIDAE,Lophuromys_flavopunctatus,1.01,60,0.870629172,0,0,0,0.45
536,Rodentia,MURIDAE,Lophuromys_sikapusi,1.13,61,0.965678036,0,0,0,0.57
537,Rodentia,MURIDAE,Malacomys_edwardsi,1.18,60,1.017170715,0,0,0,0.3
538,Rodentia,MURIDAE,Melomys_cervinipes,1.31,70,1.006562697,0,0,0,0.37
539,Rodentia,MURIDAE,Meriones_hurrianae,0.97,71,0.735156191,0,0,0,0.74
540,Rodentia,MURIDAE,Meriones_unguiculatus,1.13,57,1.006799162,0,0,0,0.75
541,Rodentia,MURIDAE,Mesembriomys_gouldii,4.59,1110,0.448760287,0,0,0,0.1
542,Rodentia,MURIDAE,Micromys_minutus,0.29,6,1.327395714,0,0,0,0.57
543,Rodentia,MURIDAE,Mus_booduga,0.31,15,0.766950151,0,0,0,0.63
544,Rodentia,MURIDAE,Mus_platythrix,0.5,29,0.737576499,0,0,0,0.55
545,Rodentia,MURIDAE,Notomys_alexis,0.96,37,1.186876198,0,0,0,0.73
546,Rodentia,MURIDAE,Otomys_angoniensis,0.42,95,0.256968657,0,0,0,0.6
547,Rodentia,MURIDAE,Otomys_irroratus,1.38,141,0.62888944,0,0,0,0.63
548,Rodentia,MURIDAE,Paramelomys_levipes,1.86,83,1.254110327,0,0,0,0.1
549,Rodentia,MURIDAE,Paramelomys_rubex,1.27,50,1.259895511,0,0,0,0.45
550,Rodentia,MURIDAE,Pogonomys_macrourus,1.43,74,1.05521258,0,0,0,0.1
551,Rodentia,MURIDAE,Pogonomys_sylvestris,1.13,41,1.289370691,0,0,0,0.45
552,Rodentia,MURIDAE,Praomys_daltoni,0.68,35,0.876287921,0,0,0,0.78
553,Rodentia,MURIDAE,Praomys_morio,0.84,47,0.875733689,0,0,0,0.1
554,Rodentia,MURIDAE,Praomys_tullbergi,0.86,37,1.058975937,0,0,0,0.1
555,Rodentia,MURIDAE,Pseudomys_australis,1.16,50,1.145615919,0,0,0,0.73
556,Rodentia,MURIDAE,Rattus_exulans,0.89,60,0.764338904,0,0,0,0.66
557,Rodentia,MURIDAE,Rattus_fuscipes,1.63,136,0.765197538,0,0,0,0.43
558,Rodentia,MURIDAE,Rattus_lutreolus,1.64,93,1.021915626,0,0,0,0.4
559,Rodentia,MURIDAE,Rattus_morotaiensis,1.92,134,0.908347519,0,0,0,0.45
560,Rodentia,MURIDAE,Rattus_niobe,1.1,42,1.23506813,0,0,0,0.45
561,Rodentia,MURIDAE,Rattus_nitidus,1.7,101,0.993660098,0,0,0,0.58
562,Rodentia,MURIDAE,Rattus_norvegicus,8.03,360,1.819308461,0,0,0,0.8
563,Rodentia,MURIDAE,Rattus_rattus,1.92,150,0.835506481,0,0,0,0.56
564,Rodentia,MURIDAE,Rattus_sordidus,1.7,121,0.870156678,0,0,0,0.6
565,Rodentia,MURIDAE,Rattus_tunneyi,1.41,76,1.016935428,0,0,0,0.7
566,Rodentia,MURIDAE,Rattus_verecundus,1.48,59,1.285374563,0,0,0,0.45
567,Rodentia,MURIDAE,Rhabdomys_pumilio,0.69,40,0.809256756,0,0,0,0.7
568,Rodentia,MURIDAE,Tatera_indica,1.84,140,0.844333416,0,0,0,0.63
569,Rodentia,MURIDAE,Uranomys_ruddi,0.77,34,1.022949744,0,0,1,0.6
570,Rodentia,MYOCASTORIDAE,Myocastor_coypus,17.09,7052,0.420643089,0,0,0,0.55
571,Rodentia,NESOMYIDAE,Beamys_hindei,1.11,90,0.708552357,0,0,0,0.1
572,Rodentia,NESOMYIDAE,Cricetomys_gambianus,6.57,1150,0.625601029,0,0,0,0.6
573,Rodentia,NESOMYIDAE,Mystromys_albicaudatus,1.39,80,0.966768171,0,0,0,0.7
574,Rodentia,NESOMYIDAE,Saccostomus_campestris,0.82,49,0.817775899,0,0,0,0.74
575,Rodentia,OCTODONTIDAE,Spalacopus_cyanus,1.58,93,0.982158277,0,0,0,0.63
576,Rodentia,SCIURIDAE,Aeromys_tephromelas,10.34,1189,0.960389822,0,0,0,0.45
577,Rodentia,SCIURIDAE,Ammospermophilus_harrisii,2.24,139,1.032852132,0,0,0,0.95
578,Rodentia,SCIURIDAE,Ammospermophilus_leucurus,2.33,106,1.314607811,0,0,0,0.55
579,Rodentia,SCIURIDAE,Ammospermophilus_nelsoni,2.31,70,1.774931168,0,0,0,0.78
580,Rodentia,SCIURIDAE,Callosciurus_caniceps,6.02,240,1.84489468,0,0,0,0.43
581,Rodentia,SCIURIDAE,Callosciurus_nigrovittatus,4.44,202,1.547403312,0,0,0,0.47
582,Rodentia,SCIURIDAE,Callosciurus_notatus,4.91,210,1.665293862,0,0,0,0.55
583,Rodentia,SCIURIDAE,Callosciurus_prevostii,6.52,439,1.27344953,0,0,0,0.45
584,Rodentia,SCIURIDAE,Cynomys_gunnisoni,5.16,796,0.646337189,0,0,0,0.78
585,Rodentia,SCIURIDAE,Cynomys_leucurus,5.69,992,0.604915308,0,0,0,0.7
586,Rodentia,SCIURIDAE,Cynomys_ludovicianus,4.96,1250,0.443812449,0,0,0,0.81
587,Rodentia,SCIURIDAE,Dremomys_rufigenis,5.41,240,1.657953525,0,0,0,0.35
588,Rodentia,SCIURIDAE,Funambulus_pennantii,2.1,86,1.385074291,0,0,0,0.57
589,Rodentia,SCIURIDAE,Funisciurus_anerythrus,4.14,218,1.363089808,0,0,0,0.4
590,Rodentia,SCIURIDAE,Funisciurus_carruthersi,4.48,268,1.26445137,0,0,0,0.1
591,Rodentia,SCIURIDAE,Funisciurus_pyrropus,4.38,200,1.537865688,0,0,0,0.53
592,Rodentia,SCIURIDAE,Glaucomys_sabrinus,3.01,174,1.17254476,0,0,0,0.2
593,Rodentia,SCIURIDAE,Glaucomys_volans,1.71,73,1.272115138,0,0,0,0.2
594,Rodentia,SCIURIDAE,Heliosciurus_gambianus,3.99,295,1.0483308,0,0,0,0.53
595,Rodentia,SCIURIDAE,Heliosciurus_rufobrachium,5.75,326,1.402233017,0,0,0,0.53
596,Rodentia,SCIURIDAE,Heliosciurus_ruwenzorii,5.4,291,1.433317039,0,0,0,0.45
597,Rodentia,SCIURIDAE,Hylopetes_spadiceus,1.87,88,1.216511651,0,0,0,0.47
598,Rodentia,SCIURIDAE,Iomys_horsfieldii,3.38,156,1.43185322,0,0,0,0.47
599,Rodentia,SCIURIDAE,Marmota_flaviventris,10.29,5000,0.327338,0,0,0,0.6
600,Rodentia,SCIURIDAE,Marmota_monax,10.65,4199,0.385952661,0,0,0,0.6
601,Rodentia,SCIURIDAE,Marmota_sibirica,18.1,1890,1.189736382,0,0,0,0.7
602,Rodentia,SCIURIDAE,Paraxerus_cepapi,2.85,216,0.944832961,0,0,0,0.6
603,Rodentia,SCIURIDAE,Petaurista_elegans,7.76,924,0.869927589,0,0,0,0.15
604,Rodentia,SCIURIDAE,Petaurista_petaurista,11.73,2023,0.732888247,0,0,0,0.15
605,Rodentia,SCIURIDAE,Protoxerus_stangeri,10.74,640,1.584382021,0,0,0,0.45
606,Rodentia,SCIURIDAE,Pteromyscus_pulverulentus,3.55,400,0.743197557,0,0,0,0.1
607,Rodentia,SCIURIDAE,Ratufa_affinis,9.85,983,1.054796828,0,0,0,0.45
608,Rodentia,SCIURIDAE,Ratufa_bicolor,11.01,1320,0.945914407,0,0,0,0.1
609,Rodentia,SCIURIDAE,Ratufa_indica,11.4,1935,0.736297832,0,0,0,0.1
610,Rodentia,SCIURIDAE,Rhinosciurus_laticaudatus,4.28,240,1.311652696,0,0,1,0.1
611,Rodentia,SCIURIDAE,Sciurus_aureogaster,7.81,595,1.215833348,0,0,0,0.57
612,Rodentia,SCIURIDAE,Sciurus_carolinensis,7.48,466,1.397328052,0,0,0,0.5
613,Rodentia,SCIURIDAE,Sciurus_granatensis,5.91,400,1.237266918,0,0,0,0.45
614,Rodentia,SCIURIDAE,Sciurus_niger,8.72,810,1.078547645,0,0,0,0.15
615,Rodentia,SCIURIDAE,Sciurus_vulgaris,6.1,323,1.497881397,0,0,0,0.5
616,Rodentia,SCIURIDAE,Spermophilopsis_leptodactylus,6.18,495,1.103635522,0,0,0,0.76
617,Rodentia,SCIURIDAE,Spermophilus_beecheyi,5.12,588,0.804642121,0,0,0,0.73
618,Rodentia,SCIURIDAE,Spermophilus_beldingi,3.28,263,0.939123569,0,0,0,0.73
619,Rodentia,SCIURIDAE,Spermophilus_columbianus,3.83,482,0.698266268,0,0,0,0.6
620,Rodentia,SCIURIDAE,Spermophilus_franklinii,3.82,456,0.72584469,0,0,0,0.65
621,Rodentia,SCIURIDAE,Spermophilus_lateralis,3.37,217,1.112389366,0,0,0,0.53
622,Rodentia,SCIURIDAE,Spermophilus_parryii,4.3,482,0.783190544,0,0,0,0.63
623,Rodentia,SCIURIDAE,Spermophilus_richardsonii,3.35,354,0.76739421,0,0,0,0.8
624,Rodentia,SCIURIDAE,Spermophilus_tereticaudus,1.82,157,0.766954165,0,0,0,0.88
625,Rodentia,SCIURIDAE,Spermophilus_townsendii,2.06,199,0.725998125,0,0,0,0.79
626,Rodentia,SCIURIDAE,Spermophilus_tridecemlineatus,2.35,139,1.083201481,0,0,0,0.75
627,Rodentia,SCIURIDAE,Spermophilus_undulatus,4.84,725,0.649997742,0,0,0,0.88
628,Rodentia,SCIURIDAE,Tamias_amoenus,1.39,51,1.35660416,0,0,0,0.77
629,Rodentia,SCIURIDAE,Tamias_dorsalis,1.98,62,1.661537842,0,0,0,0.4
630,Rodentia,SCIURIDAE,Tamias_minimus,1.6,45,1.70091808,0,0,0,0.69
631,Rodentia,SCIURIDAE,Tamias_palmeri,1.99,61,1.698531791,0,0,0,0.5
632,Rodentia,SCIURIDAE,Tamias_panamintinus,1.83,51,1.775613231,0,0,0,0.5
633,Rodentia,SCIURIDAE,Tamias_quadrimaculatus,2.16,82,1.470883065,0,0,0,0.4
634,Rodentia,SCIURIDAE,Tamias_quadrivittatus,1.7,62,1.424864323,0,0,0,0.53
635,Rodentia,SCIURIDAE,Tamias_speciosus,1.86,60,1.605333277,0,0,0,0.5
636,Rodentia,SCIURIDAE,Tamias_striatus,2.17,94,1.335016658,0,0,0,0.6
637,Rodentia,SCIURIDAE,Tamias_townsendii,2.44,89,1.562085176,0,0,0,0.2
638,Rodentia,SCIURIDAE,Tamiasciurus_hudsonicus,3.83,189,1.403273769,0,0,0,0.2
639,Rodentia,SCIURIDAE,Xerus_erythropus,6.68,723,0.899696641,0,0,0,0.53
640,Rodentia,SCIURIDAE,Xerus_inauris,7.65,400,1.601538397,0,0,0,0.74
641,Rodentia,SCIURIDAE,Xerus_rutilus,5.09,318,1.26598813,0,0,0,0.67
642,Rodentia,SPALACIDAE,Spalax_ehrenbergi,1.88,197,0.667572931,0,0,0,0.76
643,Rodentia,SPALACIDAE,Tachyoryctes_splendens,1.88,234,0.587131652,0,0,0,0.62
644,Rodentia,THRYONOMYIDAE,Thryonomys_swinderianus,13.28,1625,0.977044036,0,0,0,0.5
645,Scandentia,TUPAIIDAE,Tupaia_glis,2.02,145,0.901536913,0,0,1,0.45
646,Scandentia,TUPAIIDAE,Tupaia_minor,2.58,70,1.982390655,0,0,1,0.45
647,Scandentia,TUPAIIDAE,Urogale_everetti,4.28,275,1.18498882,0,0,0,0.1
648,,,,NA,NA,NA,NA,NA,NA,NA
649,,,,NA,NA,NA,NA,NA,NA,NA
650,,,,NA,NA,NA,NA,NA,NA,NA
651,,,,NA,NA,NA,NA,NA,NA,NA